Data;Estado;Cidade;Tipo_de_lugar;Confirmado;Mortes;É_último;População_estimada;Cidade_ibge_code;Confirmado_por_100k_habitantes;Índice de mortalidade
10/03/2022;AL;Penedo;city;4871;90;True;63846;2706703;762.929.549;0.0185
09/03/2022;AL;Penedo;city;4871;90;False;63846;2706703;762.929.549;0.0185
08/03/2022;AL;Penedo;city;4871;90;False;63846;2706703;762.929.549;0.0185
07/03/2022;AL;Penedo;city;4871;90;False;63846;2706703;762.929.549;0.0185
06/03/2022;AL;Penedo;city;4871;90;False;63846;2706703;762.929.549;0.0185
05/03/2022;AL;Penedo;city;4871;90;False;63846;2706703;762.929.549;0.0185
04/03/2022;AL;Penedo;city;4871;89;False;63846;2706703;762.929.549;0.0183
03/03/2022;AL;Penedo;city;4871;89;False;63846;2706703;762.929.549;0.0183
02/03/2022;AL;Penedo;city;4871;89;False;63846;2706703;762.929.549;0.0183
01/03/2022;AL;Penedo;city;4871;89;False;63846;2706703;762.929.549;0.0183
28/02/2022;AL;Penedo;city;4794;89;False;63846;2706703;750.869.279;0.0186
27/02/2022;AL;Penedo;city;4794;89;False;63846;2706703;750.869.279;0.0186
26/02/2022;AL;Penedo;city;4793;89;False;63846;2706703;750.712.652;0.0186
25/02/2022;AL;Penedo;city;4793;89;False;63846;2706703;750.712.652;0.0186
24/02/2022;AL;Penedo;city;4793;88;False;63846;2706703;750.712.652;0.0184
23/02/2022;AL;Penedo;city;4791;88;False;63846;2706703;750.399.399;0.0184
22/02/2022;AL;Penedo;city;4791;88;False;63846;2706703;750.399.399;0.0184
21/02/2022;AL;Penedo;city;4790;88;False;63846;2706703;750.242.772;0.0184
20/02/2022;AL;Penedo;city;4790;88;False;63846;2706703;750.242.772;0.0184
19/02/2022;AL;Penedo;city;4790;88;False;63846;2706703;750.242.772;0.0184
18/02/2022;AL;Penedo;city;4788;88;False;63846;2706703;749.929.518;0.0184
17/02/2022;AL;Penedo;city;4782;87;False;63846;2706703;748.989.757;0.0182
16/02/2022;AL;Penedo;city;4756;87;False;63846;2706703;744.917.458;0.0183
15/02/2022;AL;Penedo;city;4661;87;False;63846;2706703;730.037.904;0.0187
14/02/2022;AL;Penedo;city;4659;87;False;63846;2706703;72.972.465;0.0187
13/02/2022;AL;Penedo;city;4638;87;False;63846;2706703;726.435.485;0.0188
12/02/2022;AL;Penedo;city;4618;87;False;63846;2706703;723.302.948;0.0188
11/02/2022;AL;Penedo;city;4609;87;False;63846;2706703;721.893.306;0.0189
10/02/2022;AL;Penedo;city;4608;86;False;63846;2706703;721.736.679;0.0187
09/02/2022;AL;Penedo;city;4603;86;False;63846;2706703;720.953.544;0.0187
08/02/2022;AL;Penedo;city;4579;85;False;63846;2706703;717.194.499;0.0186
07/02/2022;AL;Penedo;city;4553;85;False;63846;2706703;7.131.222;0.0187
06/02/2022;AL;Penedo;city;4550;85;False;63846;2706703;71.265.232;0.0187
05/02/2022;AL;Penedo;city;4546;85;False;63846;2706703;712.025.812;0.0187
04/02/2022;AL;Penedo;city;4504;85;False;63846;2706703;705.447.483;0.0189
01/02/2022;AL;Penedo;city;4494;85;False;63846;2706703;703.881.214;0.0189
31/01/2022;AL;Penedo;city;4461;85;False;63846;2706703;698.712.527;0.0191
30/01/2022;AL;Penedo;city;4459;85;False;63846;2706703;698.399.273;0.0191
28/01/2022;AL;Penedo;city;4454;85;False;63846;2706703;697.616.139;0.0191
27/01/2022;AL;Penedo;city;4428;85;False;63846;2706703;69.354.384;0.0192
26/01/2022;AL;Penedo;city;4418;85;False;63846;2706703;691.977.571;0.0192
25/01/2022;AL;Penedo;city;4418;85;False;63846;2706703;691.977.571;0.0192
24/01/2022;AL;Penedo;city;4415;85;False;63846;2706703;69.150.769;0.0193
23/01/2022;AL;Penedo;city;4412;85;False;63846;2706703;69.103.781;0.0193
22/01/2022;AL;Penedo;city;4395;85;False;63846;2706703;688.375.153;0.0193
21/01/2022;AL;Penedo;city;4394;85;False;63846;2706703;688.218.526;0.0193
20/01/2022;AL;Penedo;city;4388;85;False;63846;2706703;687.278.765;0.0194
19/01/2022;AL;Penedo;city;4382;85;False;63846;2706703;686.339.003;0.0194
18/01/2022;AL;Penedo;city;4381;85;False;63846;2706703;686.182.376;0.0194
17/01/2022;AL;Penedo;city;4381;85;False;63846;2706703;686.182.376;0.0194
16/01/2022;AL;Penedo;city;4381;85;False;63846;2706703;686.182.376;0.0194
15/01/2022;AL;Penedo;city;4379;85;False;63846;2706703;685.869.123;0.0194
14/01/2022;AL;Penedo;city;4379;85;False;63846;2706703;685.869.123;0.0194
13/01/2022;AL;Penedo;city;4378;85;False;63846;2706703;685.712.496;0.0194
12/01/2022;AL;Penedo;city;4376;85;False;63846;2706703;685.399.242;0.0194
11/01/2022;AL;Penedo;city;4375;85;False;63846;2706703;685.242.615;0.0194
10/01/2022;AL;Penedo;city;4375;85;False;63846;2706703;685.242.615;0.0194
09/01/2022;AL;Penedo;city;4373;85;False;63846;2706703;684.929.361;0.0194
08/01/2022;AL;Penedo;city;4373;85;False;63846;2706703;684.929.361;0.0194
07/01/2022;AL;Penedo;city;4371;85;False;63846;2706703;684.616.108;0.0194
06/01/2022;AL;Penedo;city;4370;85;False;63846;2706703;684.459.481;0.0195
05/01/2022;AL;Penedo;city;4370;85;False;63846;2706703;684.459.481;0.0195
04/01/2022;AL;Penedo;city;4368;85;False;63846;2706703;684.146.227;0.0195
03/01/2022;AL;Penedo;city;4368;85;False;63846;2706703;684.146.227;0.0195
02/01/2022;AL;Penedo;city;4368;85;False;63846;2706703;684.146.227;0.0195
01/01/2022;AL;Penedo;city;4368;85;False;63846;2706703;684.146.227;0.0195
31/12/2021;AL;Penedo;city;4368;85;False;63846;2706703;684.146.227;0.0195
30/12/2021;AL;Penedo;city;4368;85;False;63846;2706703;684.146.227;0.0195
29/12/2021;AL;Penedo;city;4368;85;False;63846;2706703;684.146.227;0.0195
28/12/2021;AL;Penedo;city;4368;85;False;63846;2706703;684.146.227;0.0195
27/12/2021;AL;Penedo;city;4368;85;False;63846;2706703;684.146.227;0.0195
26/12/2021;AL;Penedo;city;4368;85;False;63846;2706703;684.146.227;0.0195
25/12/2021;AL;Penedo;city;4368;85;False;63846;2706703;684.146.227;0.0195
24/12/2021;AL;Penedo;city;4368;85;False;63846;2706703;684.146.227;0.0195
23/12/2021;AL;Penedo;city;4368;85;False;63846;2706703;684.146.227;0.0195
22/12/2021;AL;Penedo;city;4368;85;False;63846;2706703;684.146.227;0.0195
21/12/2021;AL;Penedo;city;4368;85;False;63846;2706703;684.146.227;0.0195
20/12/2021;AL;Penedo;city;4368;85;False;63846;2706703;684.146.227;0.0195
19/12/2021;AL;Penedo;city;4368;85;False;63846;2706703;684.146.227;0.0195
18/12/2021;AL;Penedo;city;4368;85;False;63846;2706703;684.146.227;0.0195
17/12/2021;AL;Penedo;city;4368;85;False;63846;2706703;684.146.227;0.0195
16/12/2021;AL;Penedo;city;4368;85;False;63846;2706703;684.146.227;0.0195
15/12/2021;AL;Penedo;city;4368;85;False;63846;2706703;684.146.227;0.0195
14/12/2021;AL;Penedo;city;4367;85;False;63846;2706703;6.839.896;0.0195
13/12/2021;AL;Penedo;city;4367;85;False;63846;2706703;6.839.896;0.0195
12/12/2021;AL;Penedo;city;4366;84;False;63846;2706703;683.832.973;0.0192
11/12/2021;AL;Penedo;city;4366;84;False;63846;2706703;683.832.973;0.0192
10/12/2021;AL;Penedo;city;4366;84;False;63846;2706703;683.832.973;0.0192
09/12/2021;AL;Penedo;city;4366;84;False;63846;2706703;683.832.973;0.0192
08/12/2021;AL;Penedo;city;4366;84;False;63846;2706703;683.832.973;0.0192
07/12/2021;AL;Penedo;city;4366;84;False;63846;2706703;683.832.973;0.0192
06/12/2021;AL;Penedo;city;4366;84;False;63846;2706703;683.832.973;0.0192
05/12/2021;AL;Penedo;city;4366;84;False;63846;2706703;683.832.973;0.0192
04/12/2021;AL;Penedo;city;4366;84;False;63846;2706703;683.832.973;0.0192
03/12/2021;AL;Penedo;city;4366;84;False;63846;2706703;683.832.973;0.0192
02/12/2021;AL;Penedo;city;4366;84;False;63846;2706703;683.832.973;0.0192
01/12/2021;AL;Penedo;city;4366;84;False;63846;2706703;683.832.973;0.0192
30/11/2021;AL;Penedo;city;4366;84;False;63846;2706703;683.832.973;0.0192
29/11/2021;AL;Penedo;city;4366;84;False;63846;2706703;683.832.973;0.0192
28/11/2021;AL;Penedo;city;4366;84;False;63846;2706703;683.832.973;0.0192
27/11/2021;AL;Penedo;city;4366;84;False;63846;2706703;683.832.973;0.0192
26/11/2021;AL;Penedo;city;4366;84;False;63846;2706703;683.832.973;0.0192
25/11/2021;AL;Penedo;city;4366;84;False;63846;2706703;683.832.973;0.0192
24/11/2021;AL;Penedo;city;4366;84;False;63846;2706703;683.832.973;0.0192
23/11/2021;AL;Penedo;city;4366;84;False;63846;2706703;683.832.973;0.0192
22/11/2021;AL;Penedo;city;4366;84;False;63846;2706703;683.832.973;0.0192
21/11/2021;AL;Penedo;city;4366;83;False;63846;2706703;683.832.973;0.019
20/11/2021;AL;Penedo;city;4366;83;False;63846;2706703;683.832.973;0.019
19/11/2021;AL;Penedo;city;4366;83;False;63846;2706703;683.832.973;0.019
18/11/2021;AL;Penedo;city;4366;83;False;63846;2706703;683.832.973;0.019
17/11/2021;AL;Penedo;city;4366;83;False;63846;2706703;683.832.973;0.019
16/11/2021;AL;Penedo;city;4366;83;False;63846;2706703;683.832.973;0.019
15/11/2021;AL;Penedo;city;4366;83;False;63846;2706703;683.832.973;0.019
14/11/2021;AL;Penedo;city;4366;83;False;63846;2706703;683.832.973;0.019
13/11/2021;AL;Penedo;city;4366;83;False;63846;2706703;683.832.973;0.019
12/11/2021;AL;Penedo;city;4366;83;False;63846;2706703;683.832.973;0.019
11/11/2021;AL;Penedo;city;4366;83;False;63846;2706703;683.832.973;0.019
10/11/2021;AL;Penedo;city;4366;83;False;63846;2706703;683.832.973;0.019
09/11/2021;AL;Penedo;city;4366;83;False;63846;2706703;683.832.973;0.019
08/11/2021;AL;Penedo;city;4366;83;False;63846;2706703;683.832.973;0.019
07/11/2021;AL;Penedo;city;4366;83;False;63846;2706703;683.832.973;0.019
06/11/2021;AL;Penedo;city;4364;83;False;63846;2706703;683.519.719;0.019
05/11/2021;AL;Penedo;city;4364;83;False;63846;2706703;683.519.719;0.019
04/11/2021;AL;Penedo;city;4364;83;False;63846;2706703;683.519.719;0.019
03/11/2021;AL;Penedo;city;4364;83;False;63846;2706703;683.519.719;0.019
02/11/2021;AL;Penedo;city;4364;83;False;63846;2706703;683.519.719;0.019
01/11/2021;AL;Penedo;city;4364;83;False;63846;2706703;683.519.719;0.019
31/10/2021;AL;Penedo;city;4364;83;False;63846;2706703;683.519.719;0.019
30/10/2021;AL;Penedo;city;4364;83;False;63846;2706703;683.519.719;0.019
29/10/2021;AL;Penedo;city;4364;83;False;63846;2706703;683.519.719;0.019
28/10/2021;AL;Penedo;city;4364;83;False;63846;2706703;683.519.719;0.019
27/10/2021;AL;Penedo;city;4364;83;False;63846;2706703;683.519.719;0.019
26/10/2021;AL;Penedo;city;4364;83;False;63846;2706703;683.519.719;0.019
25/10/2021;AL;Penedo;city;4364;83;False;63846;2706703;683.519.719;0.019
24/10/2021;AL;Penedo;city;4363;83;False;63846;2706703;683.363.092;0.019
23/10/2021;AL;Penedo;city;4363;83;False;63846;2706703;683.363.092;0.019
22/10/2021;AL;Penedo;city;4362;83;False;63846;2706703;683.206.466;0.019
21/10/2021;AL;Penedo;city;4362;83;False;63846;2706703;683.206.466;0.019
20/10/2021;AL;Penedo;city;4362;83;False;63846;2706703;683.206.466;0.019
19/10/2021;AL;Penedo;city;4362;83;False;63846;2706703;683.206.466;0.019
18/10/2021;AL;Penedo;city;4362;83;False;63846;2706703;683.206.466;0.019
17/10/2021;AL;Penedo;city;4362;83;False;63846;2706703;683.206.466;0.019
16/10/2021;AL;Penedo;city;4362;83;False;63846;2706703;683.206.466;0.019
15/10/2021;AL;Penedo;city;4362;83;False;63846;2706703;683.206.466;0.019
14/10/2021;AL;Penedo;city;4362;83;False;63846;2706703;683.206.466;0.019
13/10/2021;AL;Penedo;city;4362;83;False;63846;2706703;683.206.466;0.019
12/10/2021;AL;Penedo;city;4362;83;False;63846;2706703;683.206.466;0.019
11/10/2021;AL;Penedo;city;4362;83;False;63846;2706703;683.206.466;0.019
10/10/2021;AL;Penedo;city;4362;83;False;63846;2706703;683.206.466;0.019
09/10/2021;AL;Penedo;city;4362;83;False;63846;2706703;683.206.466;0.019
08/10/2021;AL;Penedo;city;4362;83;False;63846;2706703;683.206.466;0.019
07/10/2021;AL;Penedo;city;4362;83;False;63846;2706703;683.206.466;0.019
06/10/2021;AL;Penedo;city;4362;83;False;63846;2706703;683.206.466;0.019
05/10/2021;AL;Penedo;city;4362;83;False;63846;2706703;683.206.466;0.019
04/10/2021;AL;Penedo;city;4361;83;False;63846;2706703;683.049.839;0.019
03/10/2021;AL;Penedo;city;4361;83;False;63846;2706703;683.049.839;0.019
02/10/2021;AL;Penedo;city;4361;83;False;63846;2706703;683.049.839;0.019
01/10/2021;AL;Penedo;city;4361;83;False;63846;2706703;683.049.839;0.019
30/09/2021;AL;Penedo;city;4361;83;False;63846;2706703;683.049.839;0.019
29/09/2021;AL;Penedo;city;4361;83;False;63846;2706703;683.049.839;0.019
28/09/2021;AL;Penedo;city;4359;83;False;63846;2706703;682.736.585;0.019
27/09/2021;AL;Penedo;city;4359;83;False;63846;2706703;682.736.585;0.019
26/09/2021;AL;Penedo;city;4359;83;False;63846;2706703;682.736.585;0.019
25/09/2021;AL;Penedo;city;4359;83;False;63846;2706703;682.736.585;0.019
24/09/2021;AL;Penedo;city;4359;83;False;63846;2706703;682.736.585;0.019
23/09/2021;AL;Penedo;city;4359;83;False;63846;2706703;682.736.585;0.019
22/09/2021;AL;Penedo;city;4357;83;False;63846;2706703;682.423.331;0.019
21/09/2021;AL;Penedo;city;4357;83;False;63846;2706703;682.423.331;0.019
20/09/2021;AL;Penedo;city;4357;82;False;63846;2706703;682.423.331;0.0188
19/09/2021;AL;Penedo;city;4357;82;False;63846;2706703;682.423.331;0.0188
18/09/2021;AL;Penedo;city;4357;82;False;63846;2706703;682.423.331;0.0188
17/09/2021;AL;Penedo;city;4357;82;False;63846;2706703;682.423.331;0.0188
16/09/2021;AL;Penedo;city;4357;82;False;63846;2706703;682.423.331;0.0188
15/09/2021;AL;Penedo;city;4356;80;False;63846;2706703;682.266.704;0.0184
14/09/2021;AL;Penedo;city;4355;80;False;63846;2706703;682.110.077;0.0184
13/09/2021;AL;Penedo;city;4355;80;False;63846;2706703;682.110.077;0.0184
12/09/2021;AL;Penedo;city;4355;80;False;63846;2706703;682.110.077;0.0184
11/09/2021;AL;Penedo;city;4355;80;False;63846;2706703;682.110.077;0.0184
10/09/2021;AL;Penedo;city;4355;80;False;63846;2706703;682.110.077;0.0184
09/09/2021;AL;Penedo;city;4356;80;False;63846;2706703;682.266.704;0.0184
08/09/2021;AL;Penedo;city;4356;80;False;63846;2706703;682.266.704;0.0184
07/09/2021;AL;Penedo;city;4356;80;False;63846;2706703;682.266.704;0.0184
06/09/2021;AL;Penedo;city;4356;80;False;63846;2706703;682.266.704;0.0184
31/08/2021;AL;Penedo;city;4352;80;False;63846;2706703;681.640.197;0.0184
30/08/2021;AL;Penedo;city;4352;80;False;63846;2706703;681.640.197;0.0184
29/08/2021;AL;Penedo;city;4351;80;False;63846;2706703;68.148.357;0.0184
28/08/2021;AL;Penedo;city;4351;80;False;63846;2706703;68.148.357;0.0184
27/08/2021;AL;Penedo;city;4351;80;False;63846;2706703;68.148.357;0.0184
26/08/2021;AL;Penedo;city;4347;80;False;63846;2706703;680.857.062;0.0184
25/08/2021;AL;Penedo;city;4343;80;False;63846;2706703;680.230.555;0.0184
24/08/2021;AL;Penedo;city;4341;80;False;63846;2706703;679.917.301;0.0184
23/08/2021;AL;Penedo;city;4340;80;False;63846;2706703;679.760.674;0.0184
22/08/2021;AL;Penedo;city;4340;80;False;63846;2706703;679.760.674;0.0184
21/08/2021;AL;Penedo;city;4339;80;False;63846;2706703;679.604.047;0.0184
20/08/2021;AL;Penedo;city;4338;80;False;63846;2706703;67.944.742;0.0184
19/08/2021;AL;Penedo;city;4337;80;False;63846;2706703;679.290.793;0.0184
18/08/2021;AL;Penedo;city;4337;79;False;63846;2706703;679.290.793;0.0182
17/08/2021;AL;Penedo;city;4337;79;False;63846;2706703;679.290.793;0.0182
16/08/2021;AL;Penedo;city;4337;79;False;63846;2706703;679.290.793;0.0182
15/08/2021;AL;Penedo;city;4335;79;False;63846;2706703;67.897.754;0.0182
14/08/2021;AL;Penedo;city;4331;79;False;63846;2706703;678.351.032;0.0182
13/08/2021;AL;Penedo;city;4330;79;False;63846;2706703;678.194.405;0.0182
12/08/2021;AL;Penedo;city;4329;79;False;63846;2706703;678.037.778;0.0182
11/08/2021;AL;Penedo;city;4329;79;False;63846;2706703;678.037.778;0.0182
10/08/2021;AL;Penedo;city;4329;79;False;63846;2706703;678.037.778;0.0182
09/08/2021;AL;Penedo;city;4328;79;False;63846;2706703;677.881.152;0.0183
08/08/2021;AL;Penedo;city;4328;79;False;63846;2706703;677.881.152;0.0183
07/08/2021;AL;Penedo;city;4324;79;False;63846;2706703;677.254.644;0.0183
06/08/2021;AL;Penedo;city;4320;79;False;63846;2706703;676.628.136;0.0183
05/08/2021;AL;Penedo;city;4309;79;False;63846;2706703;674.905.241;0.0183
04/08/2021;AL;Penedo;city;4310;79;False;63846;2706703;675.061.868;0.0183
03/08/2021;AL;Penedo;city;4309;79;False;63846;2706703;674.905.241;0.0183
02/08/2021;AL;Penedo;city;4304;79;False;63846;2706703;674.122.106;0.0184
01/08/2021;AL;Penedo;city;4302;79;False;63846;2706703;673.808.853;0.0184
31/07/2021;AL;Penedo;city;4298;79;False;63846;2706703;673.182.345;0.0184
30/07/2021;AL;Penedo;city;4294;79;False;63846;2706703;672.555.837;0.0184
29/07/2021;AL;Penedo;city;4289;79;False;63846;2706703;671.772.703;0.0184
28/07/2021;AL;Penedo;city;4287;79;False;63846;2706703;671.459.449;0.0184
27/07/2021;AL;Penedo;city;4287;79;False;63846;2706703;671.459.449;0.0184
26/07/2021;AL;Penedo;city;4271;79;False;63846;2706703;668.953.419;0.0185
25/07/2021;AL;Penedo;city;4264;79;False;63846;2706703;667.857.031;0.0185
24/07/2021;AL;Penedo;city;4262;79;False;63846;2706703;667.543.777;0.0185
23/07/2021;AL;Penedo;city;4259;79;False;63846;2706703;667.073.897;0.0185
22/07/2021;AL;Penedo;city;4255;78;False;63846;2706703;666.447.389;0.0183
21/07/2021;AL;Penedo;city;4252;78;False;63846;2706703;665.977.508;0.0183
20/07/2021;AL;Penedo;city;4252;78;False;63846;2706703;665.977.508;0.0183
19/07/2021;AL;Penedo;city;4241;78;False;63846;2706703;664.254.613;0.0184
18/07/2021;AL;Penedo;city;4234;78;False;63846;2706703;663.158.224;0.0184
17/07/2021;AL;Penedo;city;4228;77;False;63846;2706703;662.218.463;0.0182
16/07/2021;AL;Penedo;city;4227;77;False;63846;2706703;662.061.836;0.0182
15/07/2021;AL;Penedo;city;4213;77;False;63846;2706703;65.986.906;0.0183
14/07/2021;AL;Penedo;city;4210;76;False;63846;2706703;659.399.179;0.0181
13/07/2021;AL;Penedo;city;4202;76;False;63846;2706703;658.146.164;0.0181
12/07/2021;AL;Penedo;city;4189;76;False;63846;2706703;656.110.015;0.0181
11/07/2021;AL;Penedo;city;4189;76;False;63846;2706703;656.110.015;0.0181
10/07/2021;AL;Penedo;city;4174;76;False;63846;2706703;653.760.611;0.0182
09/07/2021;AL;Penedo;city;4173;76;False;63846;2706703;653.603.985;0.0182
08/07/2021;AL;Penedo;city;4149;76;False;63846;2706703;649.844.939;0.0183
07/07/2021;AL;Penedo;city;4136;76;False;63846;2706703;64.780.879;0.0184
06/07/2021;AL;Penedo;city;4127;73;False;63846;2706703;646.399.148;0.0177
05/07/2021;AL;Penedo;city;4123;73;False;63846;2706703;64.577.264;0.0177
04/07/2021;AL;Penedo;city;4109;73;False;63846;2706703;643.579.864;0.0178
03/07/2021;AL;Penedo;city;4092;72;False;63846;2706703;640.917.207;0.0176
02/07/2021;AL;Penedo;city;4085;71;False;63846;2706703;639.820.819;0.0174
01/07/2021;AL;Penedo;city;4071;71;False;63846;2706703;637.628.042;0.0174
30/06/2021;AL;Penedo;city;4071;70;False;63846;2706703;637.628.042;0.0172
29/06/2021;AL;Penedo;city;4068;70;False;63846;2706703;637.158.162;0.0172
28/06/2021;AL;Penedo;city;4036;70;False;63846;2706703;632.146.102;0.0173
27/06/2021;AL;Penedo;city;4011;70;False;63846;2706703;628.230.429;0.0175
26/06/2021;AL;Penedo;city;3999;70;False;63846;2706703;626.350.907;0.0175
25/06/2021;AL;Penedo;city;3977;70;False;63846;2706703;622.905.115;0.0176
24/06/2021;AL;Penedo;city;3969;69;False;63846;2706703;6.216.521;0.0174
23/06/2021;AL;Penedo;city;3961;69;False;63846;2706703;620.399.085;0.0174
22/06/2021;AL;Penedo;city;3956;69;False;63846;2706703;619.615.951;0.0174
21/06/2021;AL;Penedo;city;3954;69;False;63846;2706703;619.302.697;0.0175
20/06/2021;AL;Penedo;city;3931;69;False;63846;2706703;615.700.279;0.0176
19/06/2021;AL;Penedo;city;3928;69;False;63846;2706703;615.230.398;0.0176
18/06/2021;AL;Penedo;city;3923;68;False;63846;2706703;614.447.264;0.0173
17/06/2021;AL;Penedo;city;3909;67;False;63846;2706703;612.254.487;0.0171
16/06/2021;AL;Penedo;city;3897;66;False;63846;2706703;610.374.965;0.0169
15/06/2021;AL;Penedo;city;3887;65;False;63846;2706703;608.808.696;0.0167
14/06/2021;AL;Penedo;city;3870;65;False;63846;2706703;606.146.039;0.0168
13/06/2021;AL;Penedo;city;3819;65;False;63846;2706703;598.158.068;0.017
12/06/2021;AL;Penedo;city;3788;64;False;63846;2706703;593.302.634;0.0169
11/06/2021;AL;Penedo;city;3708;64;False;63846;2706703;580.772.484;0.0173
10/06/2021;AL;Penedo;city;3692;64;False;63846;2706703;578.266.454;0.0173
09/06/2021;AL;Penedo;city;3647;63;False;63846;2706703;571.218.244;0.0173
08/06/2021;AL;Penedo;city;3607;62;False;63846;2706703;564.953.169;0.0172
07/06/2021;AL;Penedo;city;3601;62;False;63846;2706703;564.013.407;0.0172
06/06/2021;AL;Penedo;city;3561;62;False;63846;2706703;557.748.332;0.0174
05/06/2021;AL;Penedo;city;3463;62;False;63846;2706703;542.398.897;0.0179
04/06/2021;AL;Penedo;city;3441;62;False;63846;2706703;538.953.106;0.018
03/06/2021;AL;Penedo;city;3423;62;False;63846;2706703;536.133.822;0.0181
02/06/2021;AL;Penedo;city;3374;61;False;63846;2706703;528.459.105;0.0181
01/06/2021;AL;Penedo;city;3372;61;False;63846;2706703;528.145.851;0.0181
31/05/2021;AL;Penedo;city;3342;59;False;63846;2706703;523.447.044;0.0177
30/05/2021;AL;Penedo;city;3329;57;False;63846;2706703;521.410.895;0.0171
29/05/2021;AL;Penedo;city;3327;55;False;63846;2706703;521.097.641;0.0165
28/05/2021;AL;Penedo;city;3323;55;False;63846;2706703;520.471.134;0.0166
27/05/2021;AL;Penedo;city;3322;53;False;63846;2706703;520.314.507;0.016
26/05/2021;AL;Penedo;city;3308;51;False;63846;2706703;51.812.173;0.0154
25/05/2021;AL;Penedo;city;3304;49;False;63846;2706703;517.495.223;0.0148
24/05/2021;AL;Penedo;city;3302;46;False;63846;2706703;517.181.969;0.0139
23/05/2021;AL;Penedo;city;3301;44;False;63846;2706703;517.025.342;0.0133
22/05/2021;AL;Penedo;city;3290;41;False;63846;2706703;515.302.447;0.0125
21/05/2021;AL;Penedo;city;3286;38;False;63846;2706703;514.675.939;0.0116
20/05/2021;AL;Penedo;city;3283;36;False;63846;2706703;514.206.058;0.011
19/05/2021;AL;Penedo;city;3243;36;False;63846;2706703;507.940.983;0.0111
18/05/2021;AL;Penedo;city;3240;36;False;63846;2706703;507.471.102;0.0111
17/05/2021;AL;Penedo;city;3219;36;False;63846;2706703;504.181.938;0.0112
16/05/2021;AL;Penedo;city;3202;36;False;63846;2706703;501.519.281;0.0112
15/05/2021;AL;Penedo;city;3178;36;False;63846;2706703;497.760.236;0.0113
14/05/2021;AL;Penedo;city;3177;36;False;63846;2706703;497.603.609;0.0113
13/05/2021;AL;Penedo;city;3176;36;False;63846;2706703;497.446.982;0.0113
12/05/2021;AL;Penedo;city;3142;34;False;63846;2706703;492.121.668;0.0108
11/05/2021;AL;Penedo;city;3139;33;False;63846;2706703;491.651.787;0.0105
10/05/2021;AL;Penedo;city;3103;33;False;63846;2706703;486.013.219;0.0106
09/05/2021;AL;Penedo;city;3088;33;False;63846;2706703;483.663.816;0.0107
08/05/2021;AL;Penedo;city;3050;32;False;63846;2706703;477.711.994;0.0105
07/05/2021;AL;Penedo;city;3037;32;False;63846;2706703;475.675.845;0.0105
06/05/2021;AL;Penedo;city;2966;32;False;63846;2706703;464.555.336;0.0108
05/05/2021;AL;Penedo;city;2965;32;False;63846;2706703;464.398.709;0.0108
03/05/2021;AL;Penedo;city;2961;32;False;63846;2706703;463.772.202;0.0108
02/05/2021;AL;Penedo;city;2959;32;False;63846;2706703;463.458.948;0.0108
01/05/2021;AL;Penedo;city;2939;32;False;63846;2706703;46.032.641;0.0109
30/04/2021;AL;Penedo;city;2939;32;False;63846;2706703;46.032.641;0.0109
29/04/2021;AL;Penedo;city;2938;32;False;63846;2706703;460.169.784;0.0109
28/04/2021;AL;Penedo;city;2911;32;False;63846;2706703;455.940.858;0.011
27/04/2021;AL;Penedo;city;2900;32;False;63846;2706703;454.217.962;0.011
26/04/2021;AL;Penedo;city;2897;32;False;63846;2706703;453.748.081;0.011
25/04/2021;AL;Penedo;city;2897;32;False;63846;2706703;453.748.081;0.011
24/04/2021;AL;Penedo;city;2895;32;False;63846;2706703;453.434.828;0.0111
23/04/2021;AL;Penedo;city;2856;31;False;63846;2706703;447.326.379;0.0109
22/04/2021;AL;Penedo;city;2853;31;False;63846;2706703;446.856.498;0.0109
21/04/2021;AL;Penedo;city;2833;31;False;63846;2706703;443.723.961;0.0109
20/04/2021;AL;Penedo;city;2832;31;False;63846;2706703;443.567.334;0.0109
19/04/2021;AL;Penedo;city;2832;31;False;63846;2706703;443.567.334;0.0109
18/04/2021;AL;Penedo;city;2818;31;False;63846;2706703;441.374.558;0.011
17/04/2021;AL;Penedo;city;2764;31;False;63846;2706703;432.916.706;0.0112
16/04/2021;AL;Penedo;city;2743;30;False;63846;2706703;429.627.541;0.0109
15/04/2021;AL;Penedo;city;2713;30;False;63846;2706703;424.928.735;0.0111
14/04/2021;AL;Penedo;city;2713;30;False;63846;2706703;424.928.735;0.0111
13/04/2021;AL;Penedo;city;2680;30;False;63846;2706703;419.760.048;0.0112
12/04/2021;AL;Penedo;city;2680;30;False;63846;2706703;419.760.048;0.0112
11/04/2021;AL;Penedo;city;2680;30;False;63846;2706703;419.760.048;0.0112
10/04/2021;AL;Penedo;city;2680;30;False;63846;2706703;419.760.048;0.0112
09/04/2021;AL;Penedo;city;2665;30;False;63846;2706703;417.410.644;0.0113
08/04/2021;AL;Penedo;city;2652;29;False;63846;2706703;415.374.495;0.0109
07/04/2021;AL;Penedo;city;2632;26;False;63846;2706703;412.241.957;0.0099
05/04/2021;AL;Penedo;city;2623;26;False;63846;2706703;410.832.315;0.0099
04/04/2021;AL;Penedo;city;2622;26;False;63846;2706703;410.675.688;0.0099
03/04/2021;AL;Penedo;city;2622;25;False;63846;2706703;410.675.688;0.0095
02/04/2021;AL;Penedo;city;2566;25;False;63846;2706703;401.904.583;0.0097
01/04/2021;AL;Penedo;city;2559;25;False;63846;2706703;400.808.195;0.0098
31/03/2021;AL;Penedo;city;2558;25;False;63846;2706703;400.651.568;0.0098
28/03/2021;AL;Penedo;city;2522;25;False;63846;2706703;3950.13;0.0099
27/03/2021;AL;Penedo;city;2481;25;False;63846;2706703;388.591.298;0.0101
26/03/2021;AL;Penedo;city;2426;25;False;63846;2706703;379.976.819;0.0103
23/03/2021;AL;Penedo;city;2394;25;False;63846;2706703;374.964.759;0.0104
22/03/2021;AL;Penedo;city;2389;25;False;63846;2706703;374.181.625;0.0105
21/03/2021;AL;Penedo;city;2384;25;False;63846;2706703;37.339.849;0.0105
20/03/2021;AL;Penedo;city;2363;25;False;63846;2706703;370.109.326;0.0106
19/03/2021;AL;Penedo;city;2343;25;False;63846;2706703;366.976.788;0.0107
18/03/2021;AL;Penedo;city;2321;25;False;63846;2706703;363.530.996;0.0108
17/03/2021;AL;Penedo;city;2308;25;False;63846;2706703;361.494.847;0.0108
16/03/2021;AL;Penedo;city;2308;25;False;63846;2706703;361.494.847;0.0108
15/03/2021;AL;Penedo;city;2305;25;False;63846;2706703;361.024.966;0.0108
14/03/2021;AL;Penedo;city;2273;25;False;63846;2706703;356.012.906;0.011
13/03/2021;AL;Penedo;city;2255;25;False;63846;2706703;353.193.622;0.0111
12/03/2021;AL;Penedo;city;2254;25;False;63846;2706703;353.036.995;0.0111
11/03/2021;AL;Penedo;city;2247;25;False;63846;2706703;351.940.607;0.0111
10/03/2021;AL;Penedo;city;2245;25;False;63846;2706703;351.627.353;0.0111
09/03/2021;AL;Penedo;city;2235;25;False;63846;2706703;350.061.084;0.0112
08/03/2021;AL;Penedo;city;2235;25;False;63846;2706703;350.061.084;0.0112
07/03/2021;AL;Penedo;city;2234;25;False;63846;2706703;349.904.458;0.0112
06/03/2021;AL;Penedo;city;2234;25;False;63846;2706703;349.904.458;0.0112
05/03/2021;AL;Penedo;city;2234;25;False;63846;2706703;349.904.458;0.0112
04/03/2021;AL;Penedo;city;2232;25;False;63846;2706703;349.591.204;0.0112
03/03/2021;AL;Penedo;city;2228;25;False;63846;2706703;348.964.696;0.0112
02/03/2021;AL;Penedo;city;2227;25;False;63846;2706703;348.808.069;0.0112
01/03/2021;AL;Penedo;city;2227;25;False;63846;2706703;348.808.069;0.0112
28/02/2021;AL;Penedo;city;2219;25;False;63846;2706703;347.555.054;0.0113
27/02/2021;AL;Penedo;city;2184;25;False;63846;2706703;342.073.113;0.0114
26/02/2021;AL;Penedo;city;2177;25;False;63846;2706703;340.976.725;0.0115
25/02/2021;AL;Penedo;city;2173;25;False;63846;2706703;340.350.218;0.0115
24/02/2021;AL;Penedo;city;2170;25;False;63846;2706703;339.880.337;0.0115
23/02/2021;AL;Penedo;city;2170;25;False;63846;2706703;339.880.337;0.0115
22/02/2021;AL;Penedo;city;2169;25;False;63846;2706703;33.972.371;0.0115
21/02/2021;AL;Penedo;city;2169;25;False;63846;2706703;33.972.371;0.0115
20/02/2021;AL;Penedo;city;2169;25;False;63846;2706703;33.972.371;0.0115
19/02/2021;AL;Penedo;city;2167;25;False;63846;2706703;339.410.456;0.0115
18/02/2021;AL;Penedo;city;2167;25;False;63846;2706703;339.410.456;0.0115
17/02/2021;AL;Penedo;city;2167;25;False;63846;2706703;339.410.456;0.0115
16/02/2021;AL;Penedo;city;2126;25;False;63846;2706703;332.988.754;0.0118
15/02/2021;AL;Penedo;city;2069;25;False;63846;2706703;324.061.022;0.0121
14/02/2021;AL;Penedo;city;2068;25;False;63846;2706703;323.904.395;0.0121
13/02/2021;AL;Penedo;city;2067;25;False;63846;2706703;323.747.768;0.0121
12/02/2021;AL;Penedo;city;2065;25;False;63846;2706703;323.434.514;0.0121
11/02/2021;AL;Penedo;city;2063;25;False;63846;2706703;323.121.261;0.0121
10/02/2021;AL;Penedo;city;2063;25;False;63846;2706703;323.121.261;0.0121
09/02/2021;AL;Penedo;city;2053;25;False;63846;2706703;321.554.992;0.0122
08/02/2021;AL;Penedo;city;2049;25;False;63846;2706703;320.928.484;0.0122
07/02/2021;AL;Penedo;city;2023;25;False;63846;2706703;316.856.185;0.0124
06/02/2021;AL;Penedo;city;2022;25;False;63846;2706703;316.699.558;0.0124
05/02/2021;AL;Penedo;city;2022;25;False;63846;2706703;316.699.558;0.0124
04/02/2021;AL;Penedo;city;2022;25;False;63846;2706703;316.699.558;0.0124
03/02/2021;AL;Penedo;city;2020;25;False;63846;2706703;316.386.305;0.0124
02/02/2021;AL;Penedo;city;2014;25;False;63846;2706703;315.446.543;0.0124
01/02/2021;AL;Penedo;city;2013;25;False;63846;2706703;315.289.916;0.0124
31/01/2021;AL;Penedo;city;1978;25;False;63846;2706703;309.807.975;0.0126
30/01/2021;AL;Penedo;city;1950;25;False;63846;2706703;305.422.423;0.0128
29/01/2021;AL;Penedo;city;1942;25;False;63846;2706703;304.169.408;0.0129
28/01/2021;AL;Penedo;city;1939;25;False;63846;2706703;303.699.527;0.0129
27/01/2021;AL;Penedo;city;1939;25;False;63846;2706703;303.699.527;0.0129
26/01/2021;AL;Penedo;city;1936;25;False;63846;2706703;303.229.646;0.0129
25/01/2021;AL;Penedo;city;1936;24;False;63846;2706703;303.229.646;0.0124
24/01/2021;AL;Penedo;city;1935;24;False;63846;2706703;303.073.019;0.0124
23/01/2021;AL;Penedo;city;1934;24;False;63846;2706703;302.916.393;0.0124
22/01/2021;AL;Penedo;city;1927;24;False;63846;2706703;301.820.004;0.0125
21/01/2021;AL;Penedo;city;1923;24;False;63846;2706703;301.193.497;0.0125
20/01/2021;AL;Penedo;city;1921;24;False;63846;2706703;300.880.243;0.0125
19/01/2021;AL;Penedo;city;1918;24;False;63846;2706703;300.410.362;0.0125
18/01/2021;AL;Penedo;city;1918;24;False;63846;2706703;300.410.362;0.0125
17/01/2021;AL;Penedo;city;1910;24;False;63846;2706703;299.157.347;0.0126
15/01/2021;AL;Penedo;city;1883;24;False;63846;2706703;294.928.422;0.0127
14/01/2021;AL;Penedo;city;1866;24;False;63846;2706703;292.265.764;0.0129
13/01/2021;AL;Penedo;city;1864;24;False;63846;2706703;291.952.511;0.0129
12/01/2021;AL;Penedo;city;1848;24;False;63846;2706703;289.446.481;0.013
11/01/2021;AL;Penedo;city;1848;24;False;63846;2706703;289.446.481;0.013
10/01/2021;AL;Penedo;city;1821;24;False;63846;2706703;285.217.555;0.0132
09/01/2021;AL;Penedo;city;1797;24;False;63846;2706703;28.145.851;0.0134
08/01/2021;AL;Penedo;city;1785;24;False;63846;2706703;279.578.987;0.0134
07/01/2021;AL;Penedo;city;1779;24;False;63846;2706703;278.639.226;0.0135
06/01/2021;AL;Penedo;city;1768;24;False;63846;2706703;27.691.633;0.0136
05/01/2021;AL;Penedo;city;1766;24;False;63846;2706703;276.603.076;0.0136
04/01/2021;AL;Penedo;city;1765;24;False;63846;2706703;276.446.449;0.0136
03/01/2021;AL;Penedo;city;1765;24;False;63846;2706703;276.446.449;0.0136
02/01/2021;AL;Penedo;city;1760;24;False;63846;2706703;275.663.315;0.0136
01/01/2021;AL;Penedo;city;1754;24;False;63846;2706703;274.723.554;0.0137
31/12/2020;AL;Penedo;city;1754;24;False;63846;2706703;274.723.554;0.0137
30/12/2020;AL;Penedo;city;1754;24;False;63846;2706703;274.723.554;0.0137
29/12/2020;AL;Penedo;city;1754;24;False;63846;2706703;274.723.554;0.0137
28/12/2020;AL;Penedo;city;1752;24;False;63846;2706703;2.744.103;0.0137
27/12/2020;AL;Penedo;city;1752;24;False;63846;2706703;2.744.103;0.0137
26/12/2020;AL;Penedo;city;1729;24;False;63846;2706703;270.807.881;0.0139
25/12/2020;AL;Penedo;city;1727;24;False;63846;2706703;270.494.628;0.0139
24/12/2020;AL;Penedo;city;1727;24;False;63846;2706703;270.494.628;0.0139
23/12/2020;AL;Penedo;city;1726;24;False;63846;2706703;270.338.001;0.0139
22/12/2020;AL;Penedo;city;1715;24;False;63846;2706703;268.615.105;0.014
21/12/2020;AL;Penedo;city;1713;23;False;63846;2706703;268.301.851;0.0134
20/12/2020;AL;Penedo;city;1713;23;False;63846;2706703;268.301.851;0.0134
19/12/2020;AL;Penedo;city;1705;23;False;63846;2706703;267.048.836;0.0135
18/12/2020;AL;Penedo;city;1703;23;False;63846;2706703;266.735.582;0.0135
17/12/2020;AL;Penedo;city;1701;23;False;63846;2706703;266.422.329;0.0135
16/12/2020;AL;Penedo;city;1698;23;False;63846;2706703;265.952.448;0.0135
15/12/2020;AL;Penedo;city;1693;23;False;63846;2706703;265.169.314;0.0136
14/12/2020;AL;Penedo;city;1691;23;False;63846;2706703;26.485.606;0.0136
13/12/2020;AL;Penedo;city;1680;23;False;63846;2706703;263.133.164;0.0137
12/12/2020;AL;Penedo;city;1670;23;False;63846;2706703;261.566.895;0.0138
11/12/2020;AL;Penedo;city;1670;23;False;63846;2706703;261.566.895;0.0138
10/12/2020;AL;Penedo;city;1659;23;False;63846;2706703;2598.44;0.0139
09/12/2020;AL;Penedo;city;1656;23;False;63846;2706703;259.374.119;0.0139
08/12/2020;AL;Penedo;city;1656;23;False;63846;2706703;259.374.119;0.0139
07/12/2020;AL;Penedo;city;1656;23;False;63846;2706703;259.374.119;0.0139
06/12/2020;AL;Penedo;city;1653;23;False;63846;2706703;258.904.238;0.0139
05/12/2020;AL;Penedo;city;1648;23;False;63846;2706703;258.121.104;0.014
04/12/2020;AL;Penedo;city;1647;23;False;63846;2706703;257.964.477;0.014
03/12/2020;AL;Penedo;city;1640;23;False;63846;2706703;256.868.089;0.014
02/12/2020;AL;Penedo;city;1637;23;False;63846;2706703;256.398.208;0.0141
01/12/2020;AL;Penedo;city;1637;23;False;63846;2706703;256.398.208;0.0141
30/11/2020;AL;Penedo;city;1637;23;False;63846;2706703;256.398.208;0.0141
29/11/2020;AL;Penedo;city;1637;23;False;63846;2706703;256.398.208;0.0141
28/11/2020;AL;Penedo;city;1619;23;False;63846;2706703;253.578.924;0.0142
27/11/2020;AL;Penedo;city;1618;23;False;63846;2706703;253.422.297;0.0142
26/11/2020;AL;Penedo;city;1618;23;False;63846;2706703;253.422.297;0.0142
25/11/2020;AL;Penedo;city;1617;22;False;63846;2706703;253.265.671;0.0136
24/11/2020;AL;Penedo;city;1616;22;False;63846;2706703;253.109.044;0.0136
23/11/2020;AL;Penedo;city;1612;22;False;63846;2706703;252.482.536;0.0136
22/11/2020;AL;Penedo;city;1604;22;False;63846;2706703;251.229.521;0.0137
21/11/2020;AL;Penedo;city;1601;22;False;63846;2706703;25.075.964;0.0137
20/11/2020;AL;Penedo;city;1601;22;False;63846;2706703;25.075.964;0.0137
19/11/2020;AL;Penedo;city;1601;21;False;63846;2706703;25.075.964;0.0131
18/11/2020;AL;Penedo;city;1599;21;False;63846;2706703;250.446.387;0.0131
17/11/2020;AL;Penedo;city;1597;21;False;63846;2706703;250.133.133;0.0131
16/11/2020;AL;Penedo;city;1593;21;False;63846;2706703;249.506.625;0.0132
15/11/2020;AL;Penedo;city;1593;21;False;63846;2706703;249.506.625;0.0132
14/11/2020;AL;Penedo;city;1593;21;False;63846;2706703;249.506.625;0.0132
13/11/2020;AL;Penedo;city;1593;21;False;63846;2706703;249.506.625;0.0132
12/11/2020;AL;Penedo;city;1591;21;False;63846;2706703;249.193.372;0.0132
11/11/2020;AL;Penedo;city;1590;21;False;63846;2706703;249.036.745;0.0132
10/11/2020;AL;Penedo;city;1587;21;False;63846;2706703;248.566.864;0.0132
09/11/2020;AL;Penedo;city;1586;21;False;63846;2706703;248.410.237;0.0132
08/11/2020;AL;Penedo;city;1573;20;False;63846;2706703;246.374.088;0.0127
07/11/2020;AL;Penedo;city;1572;20;False;63846;2706703;246.217.461;0.0127
06/11/2020;AL;Penedo;city;1571;20;False;63846;2706703;246.060.834;0.0127
05/11/2020;AL;Penedo;city;1571;20;False;63846;2706703;246.060.834;0.0127
04/11/2020;AL;Penedo;city;1567;19;False;63846;2706703;245.434.326;0.0121
03/11/2020;AL;Penedo;city;1557;18;False;63846;2706703;243.868.058;0.0116
02/11/2020;AL;Penedo;city;1552;18;False;63846;2706703;243.084.923;0.0116
01/11/2020;AL;Penedo;city;1550;18;False;63846;2706703;242.771.669;0.0116
31/10/2020;AL;Penedo;city;1550;18;False;63846;2706703;242.771.669;0.0116
30/10/2020;AL;Penedo;city;1550;18;False;63846;2706703;242.771.669;0.0116
29/10/2020;AL;Penedo;city;1549;18;False;63846;2706703;242.615.042;0.0116
28/10/2020;AL;Penedo;city;1547;18;False;63846;2706703;242.301.789;0.0116
27/10/2020;AL;Penedo;city;1546;18;False;63846;2706703;242.145.162;0.0116
26/10/2020;AL;Penedo;city;1546;17;False;63846;2706703;242.145.162;0.011
25/10/2020;AL;Penedo;city;1536;17;False;63846;2706703;240.578.893;0.0111
24/10/2020;AL;Penedo;city;1536;17;False;63846;2706703;240.578.893;0.0111
23/10/2020;AL;Penedo;city;1535;17;False;63846;2706703;240.422.266;0.0111
22/10/2020;AL;Penedo;city;1530;17;False;63846;2706703;239.639.132;0.0111
21/10/2020;AL;Penedo;city;1526;17;False;63846;2706703;239.012.624;0.0111
20/10/2020;AL;Penedo;city;1525;17;False;63846;2706703;238.855.997;0.0111
19/10/2020;AL;Penedo;city;1521;17;False;63846;2706703;23.822.949;0.0112
18/10/2020;AL;Penedo;city;1521;17;False;63846;2706703;23.822.949;0.0112
17/10/2020;AL;Penedo;city;1506;17;False;63846;2706703;235.880.086;0.0113
16/10/2020;AL;Penedo;city;1506;17;False;63846;2706703;235.880.086;0.0113
15/10/2020;AL;Penedo;city;1500;17;False;63846;2706703;234.940.325;0.0113
14/10/2020;AL;Penedo;city;1499;16;False;63846;2706703;234.783.698;0.0107
13/10/2020;AL;Penedo;city;1494;16;False;63846;2706703;234.000.564;0.0107
12/10/2020;AL;Penedo;city;1490;16;False;63846;2706703;233.374.056;0.0107
11/10/2020;AL;Penedo;city;1483;16;False;63846;2706703;232.277.668;0.0108
10/10/2020;AL;Penedo;city;1482;16;False;63846;2706703;232.121.041;0.0108
09/10/2020;AL;Penedo;city;1481;16;False;63846;2706703;231.964.414;0.0108
08/10/2020;AL;Penedo;city;1480;16;False;63846;2706703;231.807.787;0.0108
07/10/2020;AL;Penedo;city;1480;15;False;63846;2706703;231.807.787;0.0101
06/10/2020;AL;Penedo;city;1470;15;False;63846;2706703;230.241.519;0.0102
05/10/2020;AL;Penedo;city;1464;15;False;63846;2706703;229.301.757;0.0102
04/10/2020;AL;Penedo;city;1461;15;False;63846;2706703;228.831.877;0.0103
03/10/2020;AL;Penedo;city;1450;15;False;63846;2706703;227.108.981;0.0103
02/10/2020;AL;Penedo;city;1440;15;False;63846;2706703;225.542.712;0.0104
01/10/2020;AL;Penedo;city;1434;15;False;63846;2706703;224.602.951;0.0105
30/09/2020;AL;Penedo;city;1431;15;False;63846;2706703;22.413.307;0.0105
29/09/2020;AL;Penedo;city;1427;15;False;63846;2706703;223.506.563;0.0105
28/09/2020;AL;Penedo;city;1425;14;False;63846;2706703;223.193.309;0.0098
27/09/2020;AL;Penedo;city;1425;14;False;63846;2706703;223.193.309;0.0098
26/09/2020;AL;Penedo;city;1402;14;False;63846;2706703;219.590.891;0.01
25/09/2020;AL;Penedo;city;1399;14;False;63846;2706703;21.912.101;0.01
24/09/2020;AL;Penedo;city;1398;14;False;63846;2706703;218.964.383;0.01
23/09/2020;AL;Penedo;city;1395;13;False;63846;2706703;218.494.502;0.0093
22/09/2020;AL;Penedo;city;1331;13;False;63846;2706703;208.470.382;0.0098
21/09/2020;AL;Penedo;city;1323;13;False;63846;2706703;207.217.367;0.0098
20/09/2020;AL;Penedo;city;1323;13;False;63846;2706703;207.217.367;0.0098
19/09/2020;AL;Penedo;city;1323;13;False;63846;2706703;207.217.367;0.0098
18/09/2020;AL;Penedo;city;1323;13;False;63846;2706703;207.217.367;0.0098
17/09/2020;AL;Penedo;city;1308;13;False;63846;2706703;204.867.964;0.0099
16/09/2020;AL;Penedo;city;1308;13;False;63846;2706703;204.867.964;0.0099
15/09/2020;AL;Penedo;city;1288;13;False;63846;2706703;201.735.426;0.0101
14/09/2020;AL;Penedo;city;1286;13;False;63846;2706703;201.422.172;0.0101
13/09/2020;AL;Penedo;city;1286;13;False;63846;2706703;201.422.172;0.0101
12/09/2020;AL;Penedo;city;1286;13;False;63846;2706703;201.422.172;0.0101
11/09/2020;AL;Penedo;city;1282;13;False;63846;2706703;200.795.665;0.0101
10/09/2020;AL;Penedo;city;1271;13;False;63846;2706703;199.072.769;0.0102
09/09/2020;AL;Penedo;city;1253;13;False;63846;2706703;196.253.485;0.0104
08/09/2020;AL;Penedo;city;1253;13;False;63846;2706703;196.253.485;0.0104
07/09/2020;AL;Penedo;city;1253;13;False;63846;2706703;196.253.485;0.0104
06/09/2020;AL;Penedo;city;1253;13;False;63846;2706703;196.253.485;0.0104
05/09/2020;AL;Penedo;city;1252;13;False;63846;2706703;196.096.858;0.0104
04/09/2020;AL;Penedo;city;1229;13;False;63846;2706703;19.249.444;0.0106
03/09/2020;AL;Penedo;city;1221;13;False;63846;2706703;191.241.425;0.0106
02/09/2020;AL;Penedo;city;1213;13;False;63846;2706703;18.998.841;0.0107
01/09/2020;AL;Penedo;city;1209;13;False;63846;2706703;189.361.902;0.0108
31/08/2020;AL;Penedo;city;1199;13;False;63846;2706703;187.795.633;0.0108
30/08/2020;AL;Penedo;city;1196;13;False;63846;2706703;187.325.753;0.0109
29/08/2020;AL;Penedo;city;1196;13;False;63846;2706703;187.325.753;0.0109
28/08/2020;AL;Penedo;city;1193;13;False;63846;2706703;186.855.872;0.0109
27/08/2020;AL;Penedo;city;1192;13;False;63846;2706703;186.699.245;0.0109
26/08/2020;AL;Penedo;city;1178;13;False;63846;2706703;184.506.469;0.011
25/08/2020;AL;Penedo;city;1151;13;False;63846;2706703;180.277.543;0.0113
24/08/2020;AL;Penedo;city;1147;13;False;63846;2706703;179.651.035;0.0113
23/08/2020;AL;Penedo;city;1032;13;False;63846;2706703;161.638.944;0.0126
22/08/2020;AL;Penedo;city;1032;13;False;63846;2706703;161.638.944;0.0126
21/08/2020;AL;Penedo;city;969;13;False;63846;2706703;15.177.145;0.0134
20/08/2020;AL;Penedo;city;969;13;False;63846;2706703;15.177.145;0.0134
19/08/2020;AL;Penedo;city;965;12;False;63846;2706703;151.144.943;0.0124
18/08/2020;AL;Penedo;city;954;12;False;63846;2706703;149.422.047;0.0126
17/08/2020;AL;Penedo;city;944;12;False;63846;2706703;147.855.778;0.0127
16/08/2020;AL;Penedo;city;913;12;False;63846;2706703;143.000.345;0.0131
15/08/2020;AL;Penedo;city;885;12;False;63846;2706703;138.614.792;0.0136
14/08/2020;AL;Penedo;city;867;12;False;63846;2706703;135.795.508;0.0138
13/08/2020;AL;Penedo;city;859;12;False;63846;2706703;134.542.493;0.014
12/08/2020;AL;Penedo;city;818;12;False;63846;2706703;128.120.791;0.0147
11/08/2020;AL;Penedo;city;788;12;False;63846;2706703;123.421.984;0.0152
10/08/2020;AL;Penedo;city;781;11;False;63846;2706703;122.325.596;0.0141
09/08/2020;AL;Penedo;city;781;11;False;63846;2706703;122.325.596;0.0141
08/08/2020;AL;Penedo;city;779;11;False;63846;2706703;122.012.342;0.0141
07/08/2020;AL;Penedo;city;773;11;False;63846;2706703;121.072.581;0.0142
06/08/2020;AL;Penedo;city;767;11;False;63846;2706703;12.013.282;0.0143
05/08/2020;AL;Penedo;city;762;11;False;63846;2706703;119.349.685;0.0144
04/08/2020;AL;Penedo;city;752;11;False;63846;2706703;117.783.416;0.0146
03/08/2020;AL;Penedo;city;750;11;False;63846;2706703;117.470.163;0.0147
02/08/2020;AL;Penedo;city;722;11;False;63846;2706703;11.308.461;0.0152
01/08/2020;AL;Penedo;city;689;11;False;63846;2706703;107.915.923;0.016
31/07/2020;AL;Penedo;city;680;11;False;63846;2706703;106.506.281;0.0162
30/07/2020;AL;Penedo;city;670;11;False;63846;2706703;104.940.012;0.0164
29/07/2020;AL;Penedo;city;659;10;False;63846;2706703;103.217.116;0.0152
28/07/2020;AL;Penedo;city;645;10;False;63846;2706703;10.102.434;0.0155
27/07/2020;AL;Penedo;city;543;10;False;63846;2706703;85.048.398;0.0184
26/07/2020;AL;Penedo;city;473;10;False;63846;2706703;74.084.516;0.0211
25/07/2020;AL;Penedo;city;470;9;False;63846;2706703;73.614.635;0.0191
24/07/2020;AL;Penedo;city;466;9;False;63846;2706703;72.988.128;0.0193
23/07/2020;AL;Penedo;city;448;9;False;63846;2706703;70.168.844;0.0201
22/07/2020;AL;Penedo;city;442;9;False;63846;2706703;69.229.082;0.0204
21/07/2020;AL;Penedo;city;440;9;False;63846;2706703;68.915.829;0.0205
20/07/2020;AL;Penedo;city;436;9;False;63846;2706703;68.289.321;0.0206
19/07/2020;AL;Penedo;city;436;9;False;63846;2706703;68.289.321;0.0206
18/07/2020;AL;Penedo;city;435;9;False;63846;2706703;68.132.694;0.0207
17/07/2020;AL;Penedo;city;430;8;False;63846;2706703;6.734.956;0.0186
16/07/2020;AL;Penedo;city;425;7;False;63846;2706703;66.566.425;0.0165
15/07/2020;AL;Penedo;city;256;7;False;63846;2706703;40.096.482;0.0273
14/07/2020;AL;Penedo;city;217;7;False;63846;2706703;33.988.034;0.0323
13/07/2020;AL;Penedo;city;216;7;False;63846;2706703;33.831.407;0.0324
12/07/2020;AL;Penedo;city;212;7;False;63846;2706703;33.204.899;0.033
11/07/2020;AL;Penedo;city;211;6;False;63846;2706703;33.048.272;0.0284
10/07/2020;AL;Penedo;city;211;6;False;63846;2706703;33.048.272;0.0284
09/07/2020;AL;Penedo;city;208;5;False;63846;2706703;32.578.392;0.024
08/07/2020;AL;Penedo;city;183;5;False;63846;2706703;2.866.272;0.0273
07/07/2020;AL;Penedo;city;176;5;False;63846;2706703;27.566.331;0.0284
06/07/2020;AL;Penedo;city;174;4;False;63846;2706703;27.253.078;0.023
05/07/2020;AL;Penedo;city;171;4;False;63846;2706703;26.783.197;0.0234
04/07/2020;AL;Penedo;city;171;4;False;63846;2706703;26.783.197;0.0234
03/07/2020;AL;Penedo;city;169;4;False;63846;2706703;26.469.943;0.0237
02/07/2020;AL;Penedo;city;169;4;False;63846;2706703;26.469.943;0.0237
01/07/2020;AL;Penedo;city;162;4;False;63846;2706703;25.373.555;0.0247
30/06/2020;AL;Penedo;city;159;4;False;63846;2706703;24.903.674;0.0252
29/06/2020;AL;Penedo;city;156;4;False;63846;2706703;24.433.794;0.0256
28/06/2020;AL;Penedo;city;156;4;False;63846;2706703;24.433.794;0.0256
27/06/2020;AL;Penedo;city;156;4;False;63846;2706703;24.433.794;0.0256
26/06/2020;AL;Penedo;city;156;4;False;63846;2706703;24.433.794;0.0256
25/06/2020;AL;Penedo;city;154;4;False;63846;2706703;2.412.054;0.026
24/06/2020;AL;Penedo;city;143;4;False;63846;2706703;22.397.644;0.028
23/06/2020;AL;Penedo;city;142;4;False;63846;2706703;22.241.017;0.0282
22/06/2020;AL;Penedo;city;138;4;False;63846;2706703;2.161.451;0.029
21/06/2020;AL;Penedo;city;138;4;False;63846;2706703;2.161.451;0.029
20/06/2020;AL;Penedo;city;138;4;False;63846;2706703;2.161.451;0.029
19/06/2020;AL;Penedo;city;135;4;False;63846;2706703;21.144.629;0.0296
18/06/2020;AL;Penedo;city;135;4;False;63846;2706703;21.144.629;0.0296
17/06/2020;AL;Penedo;city;125;4;False;63846;2706703;1.957.836;0.032
16/06/2020;AL;Penedo;city;124;4;False;63846;2706703;19.421.734;0.0323
15/06/2020;AL;Penedo;city;123;4;False;63846;2706703;19.265.107;0.0325
14/06/2020;AL;Penedo;city;123;4;False;63846;2706703;19.265.107;0.0325
13/06/2020;AL;Penedo;city;121;4;False;63846;2706703;18.951.853;0.0331
12/06/2020;AL;Penedo;city;86;3;False;63846;2706703;13.469.912;0.0349
11/06/2020;AL;Penedo;city;86;3;False;63846;2706703;13.469.912;0.0349
10/06/2020;AL;Penedo;city;63;3;False;63846;2706703;9.867.494;0.0476
09/06/2020;AL;Penedo;city;62;3;False;63846;2706703;9.710.867;0.0484
08/06/2020;AL;Penedo;city;61;3;False;63846;2706703;955.424;0.0492
07/06/2020;AL;Penedo;city;61;3;False;63846;2706703;955.424;0.0492
06/06/2020;AL;Penedo;city;56;2;False;63846;2706703;8.771.105;0.0357
05/06/2020;AL;Penedo;city;51;2;False;63846;2706703;7.987.971;0.0392
04/06/2020;AL;Penedo;city;47;2;False;63846;2706703;7.361.464;0.0426
03/06/2020;AL;Penedo;city;45;2;False;63846;2706703;704.821;0.0444
02/06/2020;AL;Penedo;city;44;2;False;63846;2706703;6.891.583;0.0455
01/06/2020;AL;Penedo;city;34;2;False;63846;2706703;5.325.314;0.0588
31/05/2020;AL;Penedo;city;34;2;False;63846;2706703;5.325.314;0.0588
30/05/2020;AL;Penedo;city;34;2;False;63846;2706703;5.325.314;0.0588
29/05/2020;AL;Penedo;city;26;2;False;63846;2706703;4.072.299;0.0769
28/05/2020;AL;Penedo;city;26;2;False;63846;2706703;4.072.299;0.0769
27/05/2020;AL;Penedo;city;23;2;False;63846;2706703;3.602.418;0.087
26/05/2020;AL;Penedo;city;23;2;False;63846;2706703;3.602.418;0.087
25/05/2020;AL;Penedo;city;20;2;False;63846;2706703;3.132.538;0.1
24/05/2020;AL;Penedo;city;18;2;False;63846;2706703;2.819.284;0.1111
23/05/2020;AL;Penedo;city;18;2;False;63846;2706703;2.819.284;0.1111
22/05/2020;AL;Penedo;city;13;2;False;63846;2706703;2.036.149;0.1538
21/05/2020;AL;Penedo;city;13;2;False;63846;2706703;2.036.149;0.1538
20/05/2020;AL;Penedo;city;13;2;False;63846;2706703;2.036.149;0.1538
19/05/2020;AL;Penedo;city;13;2;False;63846;2706703;2.036.149;0.1538
18/05/2020;AL;Penedo;city;13;2;False;63846;2706703;2.036.149;0.1538
17/05/2020;AL;Penedo;city;13;2;False;63846;2706703;2.036.149;0.1538
16/05/2020;AL;Penedo;city;11;2;False;63846;2706703;1.722.896;0.1818
15/05/2020;AL;Penedo;city;7;2;False;63846;2706703;1.096.388;0.2857
14/05/2020;AL;Penedo;city;7;2;False;63846;2706703;1.096.388;0.2857
13/05/2020;AL;Penedo;city;7;2;False;63846;2706703;1.096.388;0.2857
12/05/2020;AL;Penedo;city;6;1;False;63846;2706703;939.761;0.1667
11/05/2020;AL;Penedo;city;5;1;False;63846;2706703;783.134;0.2
10/05/2020;AL;Penedo;city;5;1;False;63846;2706703;783.134;0.2
09/05/2020;AL;Penedo;city;4;0;False;63846;2706703;626.508;0.0
08/05/2020;AL;Penedo;city;4;0;False;63846;2706703;626.508;0.0
07/05/2020;AL;Penedo;city;4;0;False;63846;2706703;626.508;0.0
06/05/2020;AL;Penedo;city;4;0;False;63846;2706703;626.508;0.0
05/05/2020;AL;Penedo;city;3;0;False;63846;2706703;469.881;0.0
04/05/2020;AL;Penedo;city;2;0;False;63846;2706703;313.254;0.0
03/05/2020;AL;Penedo;city;1;0;False;63846;2706703;156.627;0.0
02/05/2020;AL;Penedo;city;1;0;False;63846;2706703;156.627;0.0
01/05/2020;AL;Penedo;city;1;0;False;63846;2706703;156.627;0.0
30/04/2020;AL;Penedo;city;1;0;False;63846;2706703;156.627;0.0
29/04/2020;AL;Penedo;city;1;0;False;63846;2706703;156.627;0.0
28/04/2020;AL;Penedo;city;1;0;False;63846;2706703;156.627;0.0
